match_id,half,team_name,name,start,end
952209,1,Netherland,IN_POSSESSION,41,808
952209,1,France,OUT_POSSESSION,41,808
952209,1,France,IN_POSSESSION,809,859
952209,1,Netherland,OUT_POSSESSION,809,859
952209,1,Netherland,IN_POSSESSION,860,1033
952209,1,France,OUT_POSSESSION,860,1033
952209,1,France,IN_POSSESSION,1034,1127
952209,1,Netherland,OUT_POSSESSION,1034,1127
952209,1,Netherland,IN_POSSESSION,1128,1147
952209,1,France,OUT_POSSESSION,1128,1147
952209,1,France,IN_POSSESSION,1148,1211
952209,1,Netherland,OUT_POSSESSION,1148,1211
952209,1,Netherland,IN_POSSESSION,1901,2200
952209,1,France,OUT_POSSESSION,1901,2200
952209,1,Netherland,IN_POSSESSION,2481,2526
952209,1,France,OUT_POSSESSION,2481,2526
952209,1,France,IN_POSSESSION,2713,2730
952209,1,Netherland,OUT_POSSESSION,2713,2730
952209,1,France,IN_POSSESSION,2804,2818
952209,1,Netherland,OUT_POSSESSION,2804,2818
952209,1,Netherland,IN_POSSESSION,2819,2869
952209,1,France,OUT_POSSESSION,2819,2869
952209,1,France,IN_POSSESSION,2870,2907
952209,1,Netherland,OUT_POSSESSION,2870,2907
952209,1,Netherland,IN_POSSESSION,2908,3366
952209,1,France,OUT_POSSESSION,2908,3366
952209,1,Netherland,IN_POSSESSION,3584,3592
952209,1,France,OUT_POSSESSION,3584,3592
952209,1,France,IN_POSSESSION,3593,3852
952209,1,Netherland,OUT_POSSESSION,3593,3852
952209,1,France,IN_POSSESSION,4348,4367
952209,1,Netherland,OUT_POSSESSION,4348,4367
952209,1,Netherland,IN_POSSESSION,4368,4387
952209,1,France,OUT_POSSESSION,4368,4387
952209,1,Netherland,IN_POSSESSION,4939,5160
952209,1,France,OUT_POSSESSION,4939,5160
952209,1,Netherland,IN_POSSESSION,5229,5459
952209,1,France,OUT_POSSESSION,5229,5459
952209,1,France,IN_POSSESSION,5460,5465
952209,1,Netherland,OUT_POSSESSION,5460,5465
952209,1,Netherland,IN_POSSESSION,5466,5491
952209,1,France,OUT_POSSESSION,5466,5491
952209,1,France,IN_POSSESSION,5492,5725
952209,1,Netherland,OUT_POSSESSION,5492,5725
952209,1,Netherland,IN_POSSESSION,5726,5975
952209,1,France,OUT_POSSESSION,5726,5975
952209,1,France,IN_POSSESSION,5976,6140
952209,1,Netherland,OUT_POSSESSION,5976,6140
952209,1,Netherland,IN_POSSESSION,6141,6171
952209,1,France,OUT_POSSESSION,6141,6171
952209,1,France,IN_POSSESSION,6172,6386
952209,1,Netherland,OUT_POSSESSION,6172,6386
952209,1,Netherland,IN_POSSESSION,6387,6414
952209,1,France,OUT_POSSESSION,6387,6414
952209,1,France,IN_POSSESSION,6415,6496
952209,1,Netherland,OUT_POSSESSION,6415,6496
952209,1,Netherland,IN_POSSESSION,6497,6816
952209,1,France,OUT_POSSESSION,6497,6816
952209,1,France,IN_POSSESSION,6817,7188
952209,1,Netherland,OUT_POSSESSION,6817,7188
952209,1,Netherland,IN_POSSESSION,7230,7338
952209,1,France,OUT_POSSESSION,7230,7338
952209,1,France,IN_POSSESSION,7339,7351
952209,1,Netherland,OUT_POSSESSION,7339,7351
952209,1,Netherland,IN_POSSESSION,7352,7619
952209,1,France,OUT_POSSESSION,7352,7619
952209,1,France,IN_POSSESSION,7620,7656
952209,1,Netherland,OUT_POSSESSION,7620,7656
952209,1,Netherland,IN_POSSESSION,7657,8570
952209,1,France,OUT_POSSESSION,7657,8570
952209,1,Netherland,IN_POSSESSION,8577,8579
952209,1,France,OUT_POSSESSION,8577,8579
952209,1,France,IN_POSSESSION,8824,8874
952209,1,Netherland,OUT_POSSESSION,8824,8874
952209,1,Netherland,IN_POSSESSION,8875,8906
952209,1,France,OUT_POSSESSION,8875,8906
952209,1,France,IN_POSSESSION,8907,8931
952209,1,Netherland,OUT_POSSESSION,8907,8931
952209,1,Netherland,IN_POSSESSION,8932,8966
952209,1,France,OUT_POSSESSION,8932,8966
952209,1,France,IN_POSSESSION,8967,9014
952209,1,Netherland,OUT_POSSESSION,8967,9014
952209,1,Netherland,IN_POSSESSION,9015,9028
952209,1,France,OUT_POSSESSION,9015,9028
952209,1,Netherland,IN_POSSESSION,9108,9114
952209,1,France,OUT_POSSESSION,9108,9114
952209,1,France,IN_POSSESSION,9115,9276
952209,1,Netherland,OUT_POSSESSION,9115,9276
952209,1,Netherland,IN_POSSESSION,9277,9617
952209,1,France,OUT_POSSESSION,9277,9617
952209,1,France,IN_POSSESSION,9618,9835
952209,1,Netherland,OUT_POSSESSION,9618,9835
952209,1,Netherland,IN_POSSESSION,9836,9927
952209,1,France,OUT_POSSESSION,9836,9927
952209,1,France,IN_POSSESSION,9928,9938
952209,1,Netherland,OUT_POSSESSION,9928,9938
952209,1,Netherland,IN_POSSESSION,10097,10331
952209,1,France,OUT_POSSESSION,10097,10331
952209,1,France,IN_POSSESSION,10332,10383
952209,1,Netherland,OUT_POSSESSION,10332,10383
952209,1,Netherland,IN_POSSESSION,10384,10433
952209,1,France,OUT_POSSESSION,10384,10433
952209,1,France,IN_POSSESSION,10434,10439
952209,1,Netherland,OUT_POSSESSION,10434,10439
952209,1,Netherland,IN_POSSESSION,10440,10616
952209,1,France,OUT_POSSESSION,10440,10616
952209,1,France,IN_POSSESSION,10617,10638
952209,1,Netherland,OUT_POSSESSION,10617,10638
952209,1,Netherland,IN_POSSESSION,10639,10803
952209,1,France,OUT_POSSESSION,10639,10803
952209,1,Netherland,IN_POSSESSION,10944,10967
952209,1,France,OUT_POSSESSION,10944,10967
952209,1,Netherland,IN_POSSESSION,10997,10998
952209,1,France,OUT_POSSESSION,10997,10998
952209,1,France,IN_POSSESSION,11005,11007
952209,1,Netherland,OUT_POSSESSION,11005,11007
952209,1,France,IN_POSSESSION,11101,11191
952209,1,Netherland,OUT_POSSESSION,11101,11191
952209,1,Netherland,IN_POSSESSION,11192,11522
952209,1,France,OUT_POSSESSION,11192,11522
952209,1,France,IN_POSSESSION,11523,11548
952209,1,Netherland,OUT_POSSESSION,11523,11548
952209,1,Netherland,IN_POSSESSION,11549,11685
952209,1,France,OUT_POSSESSION,11549,11685
952209,1,France,IN_POSSESSION,11686,11711
952209,1,Netherland,OUT_POSSESSION,11686,11711
952209,1,Netherland,IN_POSSESSION,11712,11750
952209,1,France,OUT_POSSESSION,11712,11750
952209,1,France,IN_POSSESSION,11751,12116
952209,1,Netherland,OUT_POSSESSION,11751,12116
952209,1,Netherland,IN_POSSESSION,12117,12389
952209,1,France,OUT_POSSESSION,12117,12389
952209,1,France,IN_POSSESSION,12390,12552
952209,1,Netherland,OUT_POSSESSION,12390,12552
952209,1,France,IN_POSSESSION,13248,13260
952209,1,Netherland,OUT_POSSESSION,13248,13260
952209,1,Netherland,IN_POSSESSION,13261,13857
952209,1,France,OUT_POSSESSION,13261,13857
952209,1,France,IN_POSSESSION,13858,13861
952209,1,Netherland,OUT_POSSESSION,13858,13861
952209,1,Netherland,IN_POSSESSION,13862,14104
952209,1,France,OUT_POSSESSION,13862,14104
952209,1,France,IN_POSSESSION,14105,14346
952209,1,Netherland,OUT_POSSESSION,14105,14346
952209,1,France,IN_POSSESSION,14518,14584
952209,1,Netherland,OUT_POSSESSION,14518,14584
952209,1,Netherland,IN_POSSESSION,14585,14747
952209,1,France,OUT_POSSESSION,14585,14747
952209,1,France,IN_POSSESSION,14748,14777
952209,1,Netherland,OUT_POSSESSION,14748,14777
952209,1,Netherland,IN_POSSESSION,14778,14800
952209,1,France,OUT_POSSESSION,14778,14800
952209,1,France,IN_POSSESSION,14801,15016
952209,1,Netherland,OUT_POSSESSION,14801,15016
952209,1,Netherland,IN_POSSESSION,15017,15031
952209,1,France,OUT_POSSESSION,15017,15031
952209,1,France,IN_POSSESSION,15032,15051
952209,1,Netherland,OUT_POSSESSION,15032,15051
952209,1,Netherland,IN_POSSESSION,15052,15066
952209,1,France,OUT_POSSESSION,15052,15066
952209,1,France,IN_POSSESSION,15067,15212
952209,1,Netherland,OUT_POSSESSION,15067,15212
952209,1,Netherland,IN_POSSESSION,15213,15221
952209,1,France,OUT_POSSESSION,15213,15221
952209,1,France,IN_POSSESSION,15222,15253
952209,1,Netherland,OUT_POSSESSION,15222,15253
952209,1,Netherland,IN_POSSESSION,15254,15268
952209,1,France,OUT_POSSESSION,15254,15268
952209,1,France,IN_POSSESSION,15269,15370
952209,1,Netherland,OUT_POSSESSION,15269,15370
952209,1,Netherland,IN_POSSESSION,15371,15497
952209,1,France,OUT_POSSESSION,15371,15497
952209,1,France,IN_POSSESSION,15498,15660
952209,1,Netherland,OUT_POSSESSION,15498,15660
952209,1,Netherland,IN_POSSESSION,15661,15687
952209,1,France,OUT_POSSESSION,15661,15687
952209,1,France,IN_POSSESSION,15688,15697
952209,1,Netherland,OUT_POSSESSION,15688,15697
952209,1,Netherland,IN_POSSESSION,15698,15958
952209,1,France,OUT_POSSESSION,15698,15958
952209,1,Netherland,IN_POSSESSION,16096,16113
952209,1,France,OUT_POSSESSION,16096,16113
952209,1,France,IN_POSSESSION,16114,16291
952209,1,Netherland,OUT_POSSESSION,16114,16291
952209,1,Netherland,IN_POSSESSION,16292,16300
952209,1,France,OUT_POSSESSION,16292,16300
952209,1,Netherland,IN_POSSESSION,16510,16806
952209,1,France,OUT_POSSESSION,16510,16806
952209,1,France,IN_POSSESSION,16807,16925
952209,1,Netherland,OUT_POSSESSION,16807,16925
952209,1,Netherland,IN_POSSESSION,16926,16946
952209,1,France,OUT_POSSESSION,16926,16946
952209,1,France,IN_POSSESSION,16947,17379
952209,1,Netherland,OUT_POSSESSION,16947,17379
952209,1,Netherland,IN_POSSESSION,17380,17422
952209,1,France,OUT_POSSESSION,17380,17422
952209,1,France,IN_POSSESSION,17423,17702
952209,1,Netherland,OUT_POSSESSION,17423,17702
952209,1,France,IN_POSSESSION,17936,17939
952209,1,Netherland,OUT_POSSESSION,17936,17939
952209,1,Netherland,IN_POSSESSION,17940,18275
952209,1,France,OUT_POSSESSION,17940,18275
952209,1,France,IN_POSSESSION,18276,18389
952209,1,Netherland,OUT_POSSESSION,18276,18389
952209,1,Netherland,IN_POSSESSION,18390,18484
952209,1,France,OUT_POSSESSION,18390,18484
952209,1,France,IN_POSSESSION,18485,19149
952209,1,Netherland,OUT_POSSESSION,18485,19149
952209,1,Netherland,IN_POSSESSION,19150,19201
952209,1,France,OUT_POSSESSION,19150,19201
952209,1,Netherland,IN_POSSESSION,19645,19652
952209,1,France,OUT_POSSESSION,19645,19652
952209,1,France,IN_POSSESSION,19653,20238
952209,1,Netherland,OUT_POSSESSION,19653,20238
952209,1,France,IN_POSSESSION,20459,20481
952209,1,Netherland,OUT_POSSESSION,20459,20481
952209,1,Netherland,IN_POSSESSION,20482,20488
952209,1,France,OUT_POSSESSION,20482,20488
952209,1,France,IN_POSSESSION,20489,20536
952209,1,Netherland,OUT_POSSESSION,20489,20536
952209,1,Netherland,IN_POSSESSION,20537,20543
952209,1,France,OUT_POSSESSION,20537,20543
952209,1,France,IN_POSSESSION,20646,20712
952209,1,Netherland,OUT_POSSESSION,20646,20712
952209,1,France,IN_POSSESSION,21106,21218
952209,1,Netherland,OUT_POSSESSION,21106,21218
952209,1,Netherland,IN_POSSESSION,21219,21219
952209,1,France,OUT_POSSESSION,21219,21219
952209,1,France,IN_POSSESSION,21499,21519
952209,1,Netherland,OUT_POSSESSION,21499,21519
952209,1,France,IN_POSSESSION,21651,21666
952209,1,Netherland,OUT_POSSESSION,21651,21666
952209,1,Netherland,IN_POSSESSION,21667,22057
952209,1,France,OUT_POSSESSION,21667,22057
952209,1,France,IN_POSSESSION,22058,22187
952209,1,Netherland,OUT_POSSESSION,22058,22187
952209,1,France,IN_POSSESSION,22358,22360
952209,1,Netherland,OUT_POSSESSION,22358,22360
952209,1,Netherland,IN_POSSESSION,22361,22701
952209,1,France,OUT_POSSESSION,22361,22701
952209,1,France,IN_POSSESSION,22702,22742
952209,1,Netherland,OUT_POSSESSION,22702,22742
952209,1,Netherland,IN_POSSESSION,22743,22830
952209,1,France,OUT_POSSESSION,22743,22830
952209,1,France,IN_POSSESSION,22969,23022
952209,1,Netherland,OUT_POSSESSION,22969,23022
952209,1,Netherland,IN_POSSESSION,23023,23129
952209,1,France,OUT_POSSESSION,23023,23129
952209,1,France,IN_POSSESSION,23130,23217
952209,1,Netherland,OUT_POSSESSION,23130,23217
952209,1,Netherland,IN_POSSESSION,23218,23338
952209,1,France,OUT_POSSESSION,23218,23338
952209,1,France,IN_POSSESSION,23339,23364
952209,1,Netherland,OUT_POSSESSION,23339,23364
952209,1,Netherland,IN_POSSESSION,23365,23406
952209,1,France,OUT_POSSESSION,23365,23406
952209,1,Netherland,IN_POSSESSION,23703,23712
952209,1,France,OUT_POSSESSION,23703,23712
952209,1,Netherland,IN_POSSESSION,23804,24103
952209,1,France,OUT_POSSESSION,23804,24103
952209,1,France,IN_POSSESSION,24104,24113
952209,1,Netherland,OUT_POSSESSION,24104,24113
952209,1,Netherland,IN_POSSESSION,24114,24123
952209,1,France,OUT_POSSESSION,24114,24123
952209,1,France,IN_POSSESSION,24124,24198
952209,1,Netherland,OUT_POSSESSION,24124,24198
952209,1,Netherland,IN_POSSESSION,24199,24296
952209,1,France,OUT_POSSESSION,24199,24296
952209,1,France,IN_POSSESSION,24297,25242
952209,1,Netherland,OUT_POSSESSION,24297,25242
952209,1,France,IN_POSSESSION,25317,25340
952209,1,Netherland,OUT_POSSESSION,25317,25340
952209,1,Netherland,IN_POSSESSION,25533,25589
952209,1,France,OUT_POSSESSION,25533,25589
952209,1,France,IN_POSSESSION,25768,25948
952209,1,Netherland,OUT_POSSESSION,25768,25948
952209,1,France,IN_POSSESSION,26050,26213
952209,1,Netherland,OUT_POSSESSION,26050,26213
952209,1,Netherland,IN_POSSESSION,26214,26220
952209,1,France,OUT_POSSESSION,26214,26220
952209,1,France,IN_POSSESSION,26635,26678
952209,1,Netherland,OUT_POSSESSION,26635,26678
952209,1,Netherland,IN_POSSESSION,26679,26683
952209,1,France,OUT_POSSESSION,26679,26683
952209,1,Netherland,IN_POSSESSION,27090,27234
952209,1,France,OUT_POSSESSION,27090,27234
952209,1,France,IN_POSSESSION,27235,27333
952209,1,Netherland,OUT_POSSESSION,27235,27333
952209,1,Netherland,IN_POSSESSION,27455,27605
952209,1,France,OUT_POSSESSION,27455,27605
952209,2,Netherland,IN_POSSESSION,28172,28302
952209,2,France,OUT_POSSESSION,28172,28302
952209,2,France,IN_POSSESSION,28303,28506
952209,2,Netherland,OUT_POSSESSION,28303,28506
952209,2,Netherland,IN_POSSESSION,28507,28623
952209,2,France,OUT_POSSESSION,28507,28623
952209,2,France,IN_POSSESSION,28624,28647
952209,2,Netherland,OUT_POSSESSION,28624,28647
952209,2,France,IN_POSSESSION,28721,28994
952209,2,Netherland,OUT_POSSESSION,28721,28994
952209,2,Netherland,IN_POSSESSION,28995,29138
952209,2,France,OUT_POSSESSION,28995,29138
952209,2,France,IN_POSSESSION,29139,29362
952209,2,Netherland,OUT_POSSESSION,29139,29362
952209,2,Netherland,IN_POSSESSION,29596,29948
952209,2,France,OUT_POSSESSION,29596,29948
952209,2,France,IN_POSSESSION,29998,30083
952209,2,Netherland,OUT_POSSESSION,29998,30083
952209,2,Netherland,IN_POSSESSION,30084,30095
952209,2,France,OUT_POSSESSION,30084,30095
952209,2,France,IN_POSSESSION,30096,30298
952209,2,Netherland,OUT_POSSESSION,30096,30298
952209,2,Netherland,IN_POSSESSION,30299,30366
952209,2,France,OUT_POSSESSION,30299,30366
952209,2,France,IN_POSSESSION,30367,30389
952209,2,Netherland,OUT_POSSESSION,30367,30389
952209,2,France,IN_POSSESSION,30516,30535
952209,2,Netherland,OUT_POSSESSION,30516,30535
952209,2,Netherland,IN_POSSESSION,30749,31386
952209,2,France,OUT_POSSESSION,30749,31386
952209,2,France,IN_POSSESSION,31564,31653
952209,2,Netherland,OUT_POSSESSION,31564,31653
952209,2,Netherland,IN_POSSESSION,31654,31668
952209,2,France,OUT_POSSESSION,31654,31668
952209,2,France,IN_POSSESSION,31792,32029
952209,2,Netherland,OUT_POSSESSION,31792,32029
952209,2,Netherland,IN_POSSESSION,32030,32117
952209,2,France,OUT_POSSESSION,32030,32117
952209,2,France,IN_POSSESSION,32118,32287
952209,2,Netherland,OUT_POSSESSION,32118,32287
952209,2,Netherland,IN_POSSESSION,32288,33067
952209,2,France,OUT_POSSESSION,32288,33067
952209,2,France,IN_POSSESSION,33326,33363
952209,2,Netherland,OUT_POSSESSION,33326,33363
952209,2,Netherland,IN_POSSESSION,33364,33493
952209,2,France,OUT_POSSESSION,33364,33493
952209,2,France,IN_POSSESSION,33494,33755
952209,2,Netherland,OUT_POSSESSION,33494,33755
952209,2,France,IN_POSSESSION,33834,33930
952209,2,Netherland,OUT_POSSESSION,33834,33930
952209,2,Netherland,IN_POSSESSION,33931,34089
952209,2,France,OUT_POSSESSION,33931,34089
952209,2,France,IN_POSSESSION,34090,34106
952209,2,Netherland,OUT_POSSESSION,34090,34106
952209,2,Netherland,IN_POSSESSION,34107,34354
952209,2,France,OUT_POSSESSION,34107,34354
952209,2,France,IN_POSSESSION,34355,34359
952209,2,Netherland,OUT_POSSESSION,34355,34359
952209,2,Netherland,IN_POSSESSION,34360,34401
952209,2,France,OUT_POSSESSION,34360,34401
952209,2,France,IN_POSSESSION,34402,34417
952209,2,Netherland,OUT_POSSESSION,34402,34417
952209,2,France,IN_POSSESSION,34520,34702
952209,2,Netherland,OUT_POSSESSION,34520,34702
952209,2,Netherland,IN_POSSESSION,35081,35130
952209,2,France,OUT_POSSESSION,35081,35130
952209,2,Netherland,IN_POSSESSION,35136,35152
952209,2,France,OUT_POSSESSION,35136,35152
952209,2,Netherland,IN_POSSESSION,35154,35156
952209,2,France,OUT_POSSESSION,35154,35156
952209,2,Netherland,IN_POSSESSION,35159,35159
952209,2,France,OUT_POSSESSION,35159,35159
952209,2,Netherland,IN_POSSESSION,35162,35167
952209,2,France,OUT_POSSESSION,35162,35167
952209,2,Netherland,IN_POSSESSION,35951,35966
952209,2,France,OUT_POSSESSION,35951,35966
952209,2,Netherland,IN_POSSESSION,36197,36240
952209,2,France,OUT_POSSESSION,36197,36240
952209,2,France,IN_POSSESSION,36241,36352
952209,2,Netherland,OUT_POSSESSION,36241,36352
952209,2,France,IN_POSSESSION,36606,36620
952209,2,Netherland,OUT_POSSESSION,36606,36620
952209,2,Netherland,IN_POSSESSION,36621,36873
952209,2,France,OUT_POSSESSION,36621,36873
952209,2,Netherland,IN_POSSESSION,36935,36951
952209,2,France,OUT_POSSESSION,36935,36951
952209,2,Netherland,IN_POSSESSION,36956,36971
952209,2,France,OUT_POSSESSION,36956,36971
952209,2,France,IN_POSSESSION,36972,37218
952209,2,Netherland,OUT_POSSESSION,36972,37218
952209,2,Netherland,IN_POSSESSION,37219,37259
952209,2,France,OUT_POSSESSION,37219,37259
952209,2,France,IN_POSSESSION,37260,37326
952209,2,Netherland,OUT_POSSESSION,37260,37326
952209,2,Netherland,IN_POSSESSION,37327,37328
952209,2,France,OUT_POSSESSION,37327,37328
952209,2,Netherland,IN_POSSESSION,37525,37540
952209,2,France,OUT_POSSESSION,37525,37540
952209,2,France,IN_POSSESSION,37541,37575
952209,2,Netherland,OUT_POSSESSION,37541,37575
952209,2,Netherland,IN_POSSESSION,37576,37630
952209,2,France,OUT_POSSESSION,37576,37630
952209,2,Netherland,IN_POSSESSION,37718,37854
952209,2,France,OUT_POSSESSION,37718,37854
952209,2,France,IN_POSSESSION,37855,37861
952209,2,Netherland,OUT_POSSESSION,37855,37861
952209,2,Netherland,IN_POSSESSION,37862,37957
952209,2,France,OUT_POSSESSION,37862,37957
952209,2,Netherland,IN_POSSESSION,38065,38081
952209,2,France,OUT_POSSESSION,38065,38081
952209,2,France,IN_POSSESSION,38082,38223
952209,2,Netherland,OUT_POSSESSION,38082,38223
952209,2,Netherland,IN_POSSESSION,38224,38228
952209,2,France,OUT_POSSESSION,38224,38228
952209,2,France,IN_POSSESSION,38229,38295
952209,2,Netherland,OUT_POSSESSION,38229,38295
952209,2,Netherland,IN_POSSESSION,38296,38328
952209,2,France,OUT_POSSESSION,38296,38328
952209,2,France,IN_POSSESSION,38329,38330
952209,2,Netherland,OUT_POSSESSION,38329,38330
952209,2,Netherland,IN_POSSESSION,38331,38506
952209,2,France,OUT_POSSESSION,38331,38506
952209,2,France,IN_POSSESSION,38507,38522
952209,2,Netherland,OUT_POSSESSION,38507,38522
952209,2,Netherland,IN_POSSESSION,38523,38701
952209,2,France,OUT_POSSESSION,38523,38701
952209,2,France,IN_POSSESSION,38990,39075
952209,2,Netherland,OUT_POSSESSION,38990,39075
952209,2,Netherland,IN_POSSESSION,39076,39655
952209,2,France,OUT_POSSESSION,39076,39655
952209,2,France,IN_POSSESSION,39656,39665
952209,2,Netherland,OUT_POSSESSION,39656,39665
952209,2,Netherland,IN_POSSESSION,39666,39670
952209,2,France,OUT_POSSESSION,39666,39670
952209,2,France,IN_POSSESSION,39671,39671
952209,2,Netherland,OUT_POSSESSION,39671,39671
952209,2,France,IN_POSSESSION,39753,39761
952209,2,Netherland,OUT_POSSESSION,39753,39761
952209,2,Netherland,IN_POSSESSION,39762,39976
952209,2,France,OUT_POSSESSION,39762,39976
952209,2,France,IN_POSSESSION,39977,40039
952209,2,Netherland,OUT_POSSESSION,39977,40039
952209,2,Netherland,IN_POSSESSION,40040,40041
952209,2,France,OUT_POSSESSION,40040,40041
952209,2,France,IN_POSSESSION,40298,40396
952209,2,Netherland,OUT_POSSESSION,40298,40396
952209,2,Netherland,IN_POSSESSION,40397,40413
952209,2,France,OUT_POSSESSION,40397,40413
952209,2,France,IN_POSSESSION,40414,40520
952209,2,Netherland,OUT_POSSESSION,40414,40520
952209,2,Netherland,IN_POSSESSION,40521,40548
952209,2,France,OUT_POSSESSION,40521,40548
952209,2,France,IN_POSSESSION,40854,40870
952209,2,Netherland,OUT_POSSESSION,40854,40870
952209,2,Netherland,IN_POSSESSION,41911,42557
952209,2,France,OUT_POSSESSION,41911,42557
952209,2,Netherland,IN_POSSESSION,42655,42752
952209,2,France,OUT_POSSESSION,42655,42752
952209,2,France,IN_POSSESSION,42753,42794
952209,2,Netherland,OUT_POSSESSION,42753,42794
952209,2,Netherland,IN_POSSESSION,42795,42927
952209,2,France,OUT_POSSESSION,42795,42927
952209,2,France,IN_POSSESSION,42928,42932
952209,2,Netherland,OUT_POSSESSION,42928,42932
952209,2,Netherland,IN_POSSESSION,42933,43049
952209,2,France,OUT_POSSESSION,42933,43049
952209,2,France,IN_POSSESSION,43050,43071
952209,2,Netherland,OUT_POSSESSION,43050,43071
952209,2,Netherland,IN_POSSESSION,43072,43203
952209,2,France,OUT_POSSESSION,43072,43203
952209,2,France,IN_POSSESSION,43204,43302
952209,2,Netherland,OUT_POSSESSION,43204,43302
952209,2,Netherland,IN_POSSESSION,43303,43390
952209,2,France,OUT_POSSESSION,43303,43390
952209,2,France,IN_POSSESSION,43391,43454
952209,2,Netherland,OUT_POSSESSION,43391,43454
952209,2,Netherland,IN_POSSESSION,43455,43464
952209,2,France,OUT_POSSESSION,43455,43464
952209,2,France,IN_POSSESSION,43465,43473
952209,2,Netherland,OUT_POSSESSION,43465,43473
952209,2,Netherland,IN_POSSESSION,43474,43580
952209,2,France,OUT_POSSESSION,43474,43580
952209,2,France,IN_POSSESSION,43581,43586
952209,2,Netherland,OUT_POSSESSION,43581,43586
952209,2,Netherland,IN_POSSESSION,44223,44387
952209,2,France,OUT_POSSESSION,44223,44387
952209,2,France,IN_POSSESSION,44636,44710
952209,2,Netherland,OUT_POSSESSION,44636,44710
952209,2,Netherland,IN_POSSESSION,44711,44734
952209,2,France,OUT_POSSESSION,44711,44734
952209,2,France,IN_POSSESSION,44735,44749
952209,2,Netherland,OUT_POSSESSION,44735,44749
952209,2,Netherland,IN_POSSESSION,44750,44929
952209,2,France,OUT_POSSESSION,44750,44929
952209,2,France,IN_POSSESSION,44930,45006
952209,2,Netherland,OUT_POSSESSION,44930,45006
952209,2,Netherland,IN_POSSESSION,45007,45492
952209,2,France,OUT_POSSESSION,45007,45492
952209,2,Netherland,IN_POSSESSION,45660,45735
952209,2,France,OUT_POSSESSION,45660,45735
952209,2,France,IN_POSSESSION,45736,45782
952209,2,Netherland,OUT_POSSESSION,45736,45782
952209,2,Netherland,IN_POSSESSION,45783,45941
952209,2,France,OUT_POSSESSION,45783,45941
952209,2,France,IN_POSSESSION,45942,46128
952209,2,Netherland,OUT_POSSESSION,45942,46128
952209,2,Netherland,IN_POSSESSION,46129,46155
952209,2,France,OUT_POSSESSION,46129,46155
952209,2,France,IN_POSSESSION,46303,46414
952209,2,Netherland,OUT_POSSESSION,46303,46414
952209,2,France,IN_POSSESSION,47255,47266
952209,2,Netherland,OUT_POSSESSION,47255,47266
952209,2,France,IN_POSSESSION,47321,47375
952209,2,Netherland,OUT_POSSESSION,47321,47375
952209,2,Netherland,IN_POSSESSION,47376,47600
952209,2,France,OUT_POSSESSION,47376,47600
952209,2,France,IN_POSSESSION,47601,47618
952209,2,Netherland,OUT_POSSESSION,47601,47618
952209,2,Netherland,IN_POSSESSION,47619,47714
952209,2,France,OUT_POSSESSION,47619,47714
952209,2,France,IN_POSSESSION,47715,47734
952209,2,Netherland,OUT_POSSESSION,47715,47734
952209,2,Netherland,IN_POSSESSION,47735,47771
952209,2,France,OUT_POSSESSION,47735,47771
952209,2,France,IN_POSSESSION,47772,48041
952209,2,Netherland,OUT_POSSESSION,47772,48041
952209,2,Netherland,IN_POSSESSION,48374,48385
952209,2,France,OUT_POSSESSION,48374,48385
952209,2,France,IN_POSSESSION,48386,48526
952209,2,Netherland,OUT_POSSESSION,48386,48526
952209,2,Netherland,IN_POSSESSION,48527,48575
952209,2,France,OUT_POSSESSION,48527,48575
952209,2,Netherland,IN_POSSESSION,48629,49062
952209,2,France,OUT_POSSESSION,48629,49062
952209,2,France,IN_POSSESSION,49063,49066
952209,2,Netherland,OUT_POSSESSION,49063,49066
952209,2,Netherland,IN_POSSESSION,49285,49349
952209,2,France,OUT_POSSESSION,49285,49349
952209,2,Netherland,IN_POSSESSION,49353,49353
952209,2,France,OUT_POSSESSION,49353,49353
952209,2,France,IN_POSSESSION,49505,49534
952209,2,Netherland,OUT_POSSESSION,49505,49534
952209,2,Netherland,IN_POSSESSION,49535,49776
952209,2,France,OUT_POSSESSION,49535,49776
952209,2,France,IN_POSSESSION,49777,50080
952209,2,Netherland,OUT_POSSESSION,49777,50080
952209,2,Netherland,IN_POSSESSION,50081,50626
952209,2,France,OUT_POSSESSION,50081,50626
952209,2,France,IN_POSSESSION,50627,50634
952209,2,Netherland,OUT_POSSESSION,50627,50634
952209,2,Netherland,IN_POSSESSION,50635,50654
952209,2,France,OUT_POSSESSION,50635,50654
952209,2,France,IN_POSSESSION,50655,50760
952209,2,Netherland,OUT_POSSESSION,50655,50760
952209,2,Netherland,IN_POSSESSION,50761,51001
952209,2,France,OUT_POSSESSION,50761,51001
952209,2,Netherland,IN_POSSESSION,51147,51247
952209,2,France,OUT_POSSESSION,51147,51247
952209,2,France,IN_POSSESSION,51248,51251
952209,2,Netherland,OUT_POSSESSION,51248,51251
952209,2,Netherland,IN_POSSESSION,51252,51266
952209,2,France,OUT_POSSESSION,51252,51266
952209,2,Netherland,IN_POSSESSION,51405,51455
952209,2,France,OUT_POSSESSION,51405,51455
952209,2,Netherland,IN_POSSESSION,51598,51682
952209,2,France,OUT_POSSESSION,51598,51682
952209,2,France,IN_POSSESSION,51683,51694
952209,2,Netherland,OUT_POSSESSION,51683,51694
952209,2,Netherland,IN_POSSESSION,51695,52113
952209,2,France,OUT_POSSESSION,51695,52113
952209,2,Netherland,IN_POSSESSION,52202,52205
952209,2,France,OUT_POSSESSION,52202,52205
952209,2,Netherland,IN_POSSESSION,52257,52257
952209,2,France,OUT_POSSESSION,52257,52257
952209,2,Netherland,IN_POSSESSION,52270,52310
952209,2,France,OUT_POSSESSION,52270,52310
952209,2,France,IN_POSSESSION,52311,52408
952209,2,Netherland,OUT_POSSESSION,52311,52408
952209,2,Netherland,IN_POSSESSION,52409,52427
952209,2,France,OUT_POSSESSION,52409,52427
952209,2,France,IN_POSSESSION,52428,52445
952209,2,Netherland,OUT_POSSESSION,52428,52445
952209,2,Netherland,IN_POSSESSION,53532,53620
952209,2,France,OUT_POSSESSION,53532,53620
952209,2,France,IN_POSSESSION,53621,53712
952209,2,Netherland,OUT_POSSESSION,53621,53712
952209,2,Netherland,IN_POSSESSION,54524,54613
952209,2,France,OUT_POSSESSION,54524,54613
952209,2,France,IN_POSSESSION,54614,54626
952209,2,Netherland,OUT_POSSESSION,54614,54626
952209,2,Netherland,IN_POSSESSION,54627,54789
952209,2,France,OUT_POSSESSION,54627,54789
952209,2,France,IN_POSSESSION,54790,54840
952209,2,Netherland,OUT_POSSESSION,54790,54840
952209,2,Netherland,IN_POSSESSION,54841,54925
952209,2,France,OUT_POSSESSION,54841,54925
952209,2,Netherland,IN_POSSESSION,55477,55481
952209,2,France,OUT_POSSESSION,55477,55481
952209,2,France,IN_POSSESSION,55831,55902
952209,2,Netherland,OUT_POSSESSION,55831,55902
952209,2,Netherland,IN_POSSESSION,55903,56244
952209,2,France,OUT_POSSESSION,55903,56244
952209,2,France,IN_POSSESSION,56245,56335
952209,2,Netherland,OUT_POSSESSION,56245,56335
952209,2,Netherland,IN_POSSESSION,56336,56371
952209,2,France,OUT_POSSESSION,56336,56371
952209,2,France,IN_POSSESSION,56372,56431
952209,2,Netherland,OUT_POSSESSION,56372,56431
952209,2,Netherland,IN_POSSESSION,56432,56796
952209,2,France,OUT_POSSESSION,56432,56796
952209,2,France,IN_POSSESSION,56797,56820
952209,2,Netherland,OUT_POSSESSION,56797,56820
952209,2,Netherland,IN_POSSESSION,56821,57039
952209,2,France,OUT_POSSESSION,56821,57039
952209,2,France,IN_POSSESSION,57040,57260
952209,2,Netherland,OUT_POSSESSION,57040,57260
952209,2,Netherland,IN_POSSESSION,57261,57356
952209,2,France,OUT_POSSESSION,57261,57356
952209,2,Netherland,IN_POSSESSION,57413,57481
952209,2,France,OUT_POSSESSION,57413,57481
952209,2,Netherland,IN_POSSESSION,58323,58323
952209,2,France,OUT_POSSESSION,58323,58323
